{
	"display": {
		"icon": {
			"id": "minecraft:cod",
			"components": {
				"minecraft:enchantment_glint_override": true
			}
		},
		"title": "A Complete Catalogue: The Anthology",
		"description": "Breed all the new Cat variants!",
		"frame": "challenge",
		"show_toast": true,
		"announce_to_chat": true,
		"hidden": false
	},
	"parent": "minecraft:husbandry/complete_catalogue",
	"criteria": {
		"tame_ashen": {
			"trigger": "minecraft:tame_animal",
			"conditions": {
				"entity": {
					"type": "minecraft:cat",
					"nbt": "{variant:\"pasture_pals:ashen_cat\"}"
				}
			}
		},
        "tame_black": {
			"trigger": "minecraft:tame_animal",
			"conditions": {
				"entity": {
					"type": "minecraft:cat",
					"nbt": "{variant:\"pasture_pals:blacker_cat\"}"
				}
			}
		},
        "tame_chestnut": {
			"trigger": "minecraft:tame_animal",
			"conditions": {
				"entity": {
					"type": "minecraft:cat",
					"nbt": "{variant:\"pasture_pals:chestnut_cat\"}"
				}
			}
        },
        "tame_clam": {
			"trigger": "minecraft:tame_animal",
			"conditions": {
				"entity": {
					"type": "minecraft:cat",
					"nbt": "{variant:\"pasture_pals:clam_cat\"}"
				}
			}
        },
        "tame_gray": {
			"trigger": "minecraft:tame_animal",
			"conditions": {
				"entity": {
					"type": "minecraft:cat",
					"nbt": "{variant:\"pasture_pals:gray_tabby\"}"
				}
			}
        },
        "tame_grey": {
			"trigger": "minecraft:tame_animal",
			"conditions": {
				"entity": {
					"type": "minecraft:cat",
					"nbt": "{variant:\"pasture_pals:grey_tabby\"}"
				}
			}
        },
        "tame_rusty": {
			"trigger": "minecraft:tame_animal",
			"conditions": {
				"entity": {
					"type": "minecraft:cat",
					"nbt": "{variant:\"pasture_pals:rusty_cat\"}"
				}
			}
        },
        "tame_snowy": {
			"trigger": "minecraft:tame_animal",
			"conditions": {
				"entity": {
					"type": "minecraft:cat",
					"nbt": "{variant:\"pasture_pals:snowy_cat\"}"
				}
			}
        },
        "tame_spotted": {
			"trigger": "minecraft:tame_animal",
			"conditions": {
				"entity": {
					"type": "minecraft:cat",
					"nbt": "{variant:\"pasture_pals:spotted_cat\"}"
				}
			}
        },
        "tame_striped": {
			"trigger": "minecraft:tame_animal",
			"conditions": {
				"entity": {
					"type": "minecraft:cat",
					"nbt": "{variant:\"pasture_pals:striped_cat\"}"
				}
			}
        },
        "tame_woods": {
			"trigger": "minecraft:tame_animal",
			"conditions": {
				"entity": {
					"type": "minecraft:cat",
					"nbt": "{variant:\"pasture_pals:woods_cat\"}"
				}
			}
        }
	},
	"requirements": 
    [
       [
        "tame_ashen"
       ],
       [
        "tame_black"
       ],
       [
        "tame_chestnut"
       ],
       [
        "tame_clam"
       ],
       [
        "tame_gray"
       ],
       [
        "tame_grey"
       ],
       [
        "tame_rusty"
       ],
       [
        "tame_snowy"
       ],
       [
        "tame_spotted"
       ],
       [
        "tame_striped"
       ],
       [
        "tame_woods"
       ]
    ]
}