{
	"display": {
		"icon": {
			"id": "minecraft:wheat_seeds"
		},
		"title": "A Full Flock",
		"description": "Breed all the Chicken variants!",
		"frame": "challenge",
		"show_toast": true,
		"announce_to_chat": true,
		"hidden": false
	},
	"parent": "minecraft:husbandry/breed_an_animal",
	"criteria": {
		"amber_chicken": {
			"trigger": "minecraft:bred_animals",
			"conditions": {
				"parent": {
					"type": "minecraft:chicken",
					"nbt": "{variant:\"pasture_pals:amber_chicken\"}"
				}
			}
		},
        "bronzed_chicken": {
			"trigger": "minecraft:bred_animals",
			"conditions": {
				"parent": {
					"type": "minecraft:chicken",
					"nbt": "{variant:\"pasture_pals:bronzed_chicken\"}"
				}
			}
		},
        "cluckshroom": {
			"trigger": "minecraft:bred_animals",
			"conditions": {
				"parent": {
					"type": "minecraft:chicken",
					"nbt": "{variant:\"pasture_pals:cluckshroom\"}"
				}
			}
		},
        "fancy_chicken": {
			"trigger": "minecraft:bred_animals",
			"conditions": {
				"parent": {
					"type": "minecraft:chicken",
					"nbt": "{variant:\"pasture_pals:fancy_chicken\"}"
				}
			}
		},
        "gold_crested_chicken": {
			"trigger": "minecraft:bred_animals",
			"conditions": {
				"parent": {
					"type": "minecraft:chicken",
					"nbt": "{variant:\"pasture_pals:gold_crested_chicken\"}"
				}
			}
		},
        "midnight_chicken": {
			"trigger": "minecraft:bred_animals",
			"conditions": {
				"parent": {
					"type": "minecraft:chicken",
					"nbt": "{variant:\"pasture_pals:midnight_chicken\"}"
				}
			}
		},
        "skewbald_chicken": {
			"trigger": "minecraft:bred_animals",
			"conditions": {
				"parent": {
					"type": "minecraft:chicken",
					"nbt": "{variant:\"pasture_pals:skewbald_chicken\"}"
				}
			}
		},
        "stormy_chicken": {
			"trigger": "minecraft:bred_animals",
			"conditions": {
				"parent": {
					"type": "minecraft:chicken",
					"nbt": "{variant:\"pasture_pals:stormy_chicken\"}"
				}
			}
		},
        "warm": {
			"trigger": "minecraft:bred_animals",
			"conditions": {
				"parent": {
					"type": "minecraft:chicken",
					"nbt": "{variant:\"minecraft:warm\"}"
				}
			}
		},
        "cold": {
			"trigger": "minecraft:bred_animals",
			"conditions": {
				"parent": {
					"type": "minecraft:chicken",
					"nbt": "{variant:\"minecraft:cold\"}"
				}
			}
		},
        "temperate": {
			"trigger": "minecraft:bred_animals",
			"conditions": {
				"parent": {
					"type": "minecraft:chicken",
					"nbt": "{variant:\"minecraft:temperate\"}"
				}
			}
		}
	},
	"requirements": [
		[
			"amber_chicken"
		],
        [
			"bronzed_chicken"
		],
        [
			"cluckshroom"
		],
        [
			"fancy_chicken"
		],
        [
			"gold_crested_chicken"
		],
        [
			"midnight_chicken"
		],
        [
			"skewbald_chicken"
		],
        [
			"stormy_chicken"
		],
        [
			"warm"
		],
        [
			"cold"
		],
        [
			"temperate"
		]
	]
}