{
	"display": {
		"icon": {
			"id": "minecraft:carrot"
		},
		"title": "The Sty is the Limit",
		"description": "Breed all the Pig variants!",
		"frame": "challenge",
		"show_toast": true,
		"announce_to_chat": true,
		"hidden": false
	},
	"parent": "minecraft:husbandry/breed_an_animal",
	"criteria": {
		"dried_muddy_pig": {
			"trigger": "minecraft:bred_animals",
			"conditions": {
				"parent": {
					"type": "minecraft:pig",
					"nbt": "{variant:\"pasture_pals:dried_muddy_pig\"}"
				}
			}
		},
        "mottled_pig": {
			"trigger": "minecraft:bred_animals",
			"conditions": {
				"parent": {
					"type": "minecraft:pig",
					"nbt": "{variant:\"pasture_pals:mottled_pig\"}"
				}
			}
		},
        "muddy_pig": {
			"trigger": "minecraft:bred_animals",
			"conditions": {
				"parent": {
					"type": "minecraft:pig",
					"nbt": "{variant:\"pasture_pals:muddy_pig\"}"
				}
			}
		},
        "pale_pig": {
			"trigger": "minecraft:bred_animals",
			"conditions": {
				"parent": {
					"type": "minecraft:pig",
					"nbt": "{variant:\"pasture_pals:pale_pig\"}"
				}
			}
		},
        "piebald_pig": {
			"trigger": "minecraft:bred_animals",
			"conditions": {
				"parent": {
					"type": "minecraft:pig",
					"nbt": "{variant:\"pasture_pals:piebald_pig\"}"
				}
			}
		},
        "pink_footed_pig": {
			"trigger": "minecraft:bred_animals",
			"conditions": {
				"parent": {
					"type": "minecraft:pig",
					"nbt": "{variant:\"pasture_pals:pink_footed_pig\"}"
				}
			}
		},
        "sooty_pig": {
			"trigger": "minecraft:bred_animals",
			"conditions": {
				"parent": {
					"type": "minecraft:pig",
					"nbt": "{variant:\"pasture_pals:sooty_pig\"}"
				}
			}
		},
        "spotted_pig": {
			"trigger": "minecraft:bred_animals",
			"conditions": {
				"parent": {
					"type": "minecraft:pig",
					"nbt": "{variant:\"pasture_pals:spotted_pig\"}"
				}
			}
		},
        "cold": {
			"trigger": "minecraft:bred_animals",
			"conditions": {
				"parent": {
					"type": "minecraft:pig",
					"nbt": "{variant:\"minecraft:cold\"}"
				}
			}
		},
        "warm": {
			"trigger": "minecraft:bred_animals",
			"conditions": {
				"parent": {
					"type": "minecraft:pig",
					"nbt": "{variant:\"minecraft:warm\"}"
				}
			}
		},
        "temperate": {
			"trigger": "minecraft:bred_animals",
			"conditions": {
				"parent": {
					"type": "minecraft:pig",
					"nbt": "{variant:\"minecraft:temperate\"}"
				}
			}
		}
	},
	"requirements": [
		[
			"dried_muddy_pig"
		],
        [
			"mottled_pig"
		],
        [
			"muddy_pig"
		],
        [
			"pale_pig"
		],
        [
			"piebald_pig"
		],
        [
			"pink_footed_pig"
		],
        [
			"sooty_pig"
		],
        [
			"spotted_pig"
		],
        [
			"warm"
		],
        [
			"cold"
		],
        [
			"temperate"
		]
	]
}