{
	"type": "minecraft:entity",
	"pools": [
		{
			"bonus_rolls": 0,
			"entries": [
				{
					"type":"minecraft:item","functions":[{"add":false,"count":{"type":"minecraft:uniform","max":2,"min":0},"function":"minecraft:set_count"},{"count":{"type":"minecraft:uniform","max":1,"min":0},"enchantment":"minecraft:looting","function":"minecraft:enchanted_count_increase"}],"name":"minecraft:feather","conditions":[{"condition":"minecraft:entity_properties","entity":"this","predicate":{"nbt":"{variant:\"minecraft:temperate\"}"}}]
				},
					{"type":"minecraft:item","name":"minecraft:feather","functions":[{"function":"minecraft:enchanted_count_increase","count":{"type":"minecraft:uniform","min":0,"max":1},"enchantment":"minecraft:looting"},{"function":"minecraft:set_count","count":{"type":"minecraft:uniform","min":0,"max":2},"add":false},{"function":"minecraft:set_components","components":{"minecraft:custom_data":{},"minecraft:item_model":"minecraft:feather/amber_feather","minecraft:item_name":"Amber Feather"}}],"conditions":[{"condition":"minecraft:entity_properties","entity":"this","predicate":{"nbt":"{variant:\"pasture_pals:amber_chicken\"}"}}]
				},
					{"type":"minecraft:item","name":"minecraft:feather","functions":[{"function":"minecraft:enchanted_count_increase","count":{"type":"minecraft:uniform","min":0,"max":1},"enchantment":"minecraft:looting"},{"function":"minecraft:set_count","count":{"type":"minecraft:uniform","min":0,"max":2},"add":false},{"function":"minecraft:set_components","components":{"minecraft:custom_data":{},"minecraft:item_model":"minecraft:feather/bronzed_feather","minecraft:item_name":"Bronzed Feather"}}],"conditions":[{"condition":"minecraft:entity_properties","entity":"this","predicate":{"nbt":"{variant:\"pasture_pals:bronzed_chicken\"}"}}]
				},
					{"type":"minecraft:item","name":"minecraft:feather","functions":[{"function":"minecraft:enchanted_count_increase","count":{"type":"minecraft:uniform","min":0,"max":1},"enchantment":"minecraft:looting"},{"function":"minecraft:set_count","count":{"type":"minecraft:uniform","min":0,"max":2},"add":false},{"function":"minecraft:set_components","components":{"minecraft:custom_data":{},"minecraft:item_model":"minecraft:feather/cluckshroom_feather","minecraft:item_name":"Cluckshroom Feather"}}],"conditions":[{"condition":"minecraft:entity_properties","entity":"this","predicate":{"nbt":"{variant:\"pasture_pals:cluckshroom\"}"}}]
				},
					{"type":"minecraft:item","name":"minecraft:feather","functions":[{"function":"minecraft:enchanted_count_increase","count":{"type":"minecraft:uniform","min":0,"max":1},"enchantment":"minecraft:looting"},{"function":"minecraft:set_count","count":{"type":"minecraft:uniform","min":0,"max":2},"add":false},{"function":"minecraft:set_components","components":{"minecraft:custom_data":{},"minecraft:item_model":"minecraft:feather/fancy_feather","minecraft:item_name":"Fancy Feather"}}],"conditions":[{"condition":"minecraft:entity_properties","entity":"this","predicate":{"nbt":"{variant:\"pasture_pals:fancy_chicken\"}"}}]
				},
					{"type":"minecraft:item","name":"minecraft:feather","functions":[{"function":"minecraft:enchanted_count_increase","count":{"type":"minecraft:uniform","min":0,"max":1},"enchantment":"minecraft:looting"},{"function":"minecraft:set_count","count":{"type":"minecraft:uniform","min":0,"max":2},"add":false},{"function":"minecraft:set_components","components":{"minecraft:custom_data":{},"minecraft:item_model":"minecraft:feather/gold_crested_feather","minecraft:item_name":"Gold-Crested Feather"}}],"conditions":[{"condition":"minecraft:entity_properties","entity":"this","predicate":{"nbt":"{variant:\"pasture_pals:gold_crested_chicken\"}"}}]
				},
					{"type":"minecraft:item","name":"minecraft:feather","functions":[{"function":"minecraft:enchanted_count_increase","count":{"type":"minecraft:uniform","min":0,"max":1},"enchantment":"minecraft:looting"},{"function":"minecraft:set_count","count":{"type":"minecraft:uniform","min":0,"max":2},"add":false},{"function":"minecraft:set_components","components":{"minecraft:custom_data":{},"minecraft:item_model":"minecraft:feather/midnight_feather","minecraft:item_name":"Midnight Feather"}}],"conditions":[{"condition":"minecraft:entity_properties","entity":"this","predicate":{"nbt":"{variant:\"pasture_pals:midnight_chicken\"}"}}]
				},
					{"type":"minecraft:item","name":"minecraft:feather","functions":[{"function":"minecraft:enchanted_count_increase","count":{"type":"minecraft:uniform","min":0,"max":1},"enchantment":"minecraft:looting"},{"function":"minecraft:set_count","count":{"type":"minecraft:uniform","min":0,"max":2},"add":false},{"function":"minecraft:set_components","components":{"minecraft:custom_data":{},"minecraft:item_model":"minecraft:feather/skewbald_feather","minecraft:item_name":"Skewbald Feather"}}],"conditions":[{"condition":"minecraft:entity_properties","entity":"this","predicate":{"nbt":"{variant:\"pasture_pals:skewbald_chicken\"}"}}]
				},
					{"type":"minecraft:item","name":"minecraft:feather","functions":[{"function":"minecraft:enchanted_count_increase","count":{"type":"minecraft:uniform","min":0,"max":1},"enchantment":"minecraft:looting"},{"function":"minecraft:set_count","count":{"type":"minecraft:uniform","min":0,"max":2},"add":false},{"function":"minecraft:set_components","components":{"minecraft:custom_data":{},"minecraft:item_model":"minecraft:feather/stormy_feather","minecraft:item_name":"Stormy Feather"}}],"conditions":[{"condition":"minecraft:entity_properties","entity":"this","predicate":{"nbt":"{variant:\"pasture_pals:stormy_chicken\"}"}}]
				},
					{"type":"minecraft:item","name":"minecraft:feather","functions":[{"function":"minecraft:enchanted_count_increase","count":{"type":"minecraft:uniform","min":0,"max":1},"enchantment":"minecraft:looting"},{"function":"minecraft:set_count","count":{"type":"minecraft:uniform","min":0,"max":2},"add":false},{"function":"minecraft:set_components","components":{"minecraft:custom_data":{},"minecraft:item_model":"minecraft:feather/warm_feather","minecraft:item_name":"Warm Feather"}}],"conditions":[{"condition":"minecraft:entity_properties","entity":"this","predicate":{"nbt":"{variant:\"minecraft:warm\"}"}}]
				},
					{"type":"minecraft:item","name":"minecraft:feather","functions":[{"function":"minecraft:enchanted_count_increase","count":{"type":"minecraft:uniform","min":0,"max":1},"enchantment":"minecraft:looting"},{"function":"minecraft:set_count","count":{"type":"minecraft:uniform","min":0,"max":2},"add":false},{"function":"minecraft:set_components","components":{"minecraft:custom_data":{},"minecraft:item_model":"minecraft:feather/cold_feather","minecraft:item_name":"Cold Feather"}}],"conditions":[{"condition":"minecraft:entity_properties","entity":"this","predicate":{"nbt":"{variant:\"minecraft:cold\"}"}}]
				}
			],
			
			"rolls": 1
		},
		{
			"bonus_rolls": 0,
			"entries": [
				{
					"type": "minecraft:item",
					"functions": [
						{
							"conditions": [
								{
									"condition": "minecraft:any_of",
									"terms": [
										{
											"condition": "minecraft:entity_properties",
											"entity": "this",
											"predicate": {
												"flags": {
													"is_on_fire": true
												}
											}
										},
										{
											"condition": "minecraft:entity_properties",
											"entity": "direct_attacker",
											"predicate": {
												"equipment": {
													"mainhand": {
														"predicates": {
															"minecraft:enchantments": [
																{
																	"enchantments": "#minecraft:smelts_loot"
																}
															]
														}
													}
												}
											}
										}
									]
								}
							],
							"function": "minecraft:furnace_smelt"
						},
						{
							"count": {
								"type": "minecraft:uniform",
								"max": 1,
								"min": 0
							},
							"enchantment": "minecraft:looting",
							"function": "minecraft:enchanted_count_increase"
						}
					],
					"name": "minecraft:chicken"
				}
			],
			"rolls": 1
		},
		{
			"rolls": 1,
			"entries": [
				{
					"type": "minecraft:item",
					"name": "minecraft:red_mushroom",
					"functions": [
						{
							"function": "minecraft:set_count",
							"count": {
								"type": "minecraft:uniform",
								"min": 0,
								"max": 2
							},
							"add": false
						},
						{
							"function": "minecraft:enchanted_count_increase",
							"count": {
								"type": "minecraft:uniform",
								"min": 0,
								"max": 1
							},
							"enchantment": "minecraft:looting"
						}
					],
					"conditions": [
						{
							"condition": "minecraft:entity_properties",
							"entity": "this",
							"predicate": {
								"nbt": "{variant:\"pasture_pals:cluckshroom\"}"
							}
						}
					]
				}
			]
		}
	],
	"random_sequence": "minecraft:entities/chicken"
}