{
	"type": "minecraft:gift",
	"pools": [
		{
			"bonus_rolls": 0,
			"entries": [
				{
					"type": "minecraft:alternatives",
					"children": [
						{
							"type": "minecraft:item",
							"conditions": [
								{
									"condition": "minecraft:entity_properties",
									"entity": "this",
									"predicate": {
										"components": {
											"minecraft:chicken/variant": "minecraft:temperate"
										}
									}
								}
							],
							"name": "minecraft:egg"
						},
						{
							"type": "minecraft:item",
							"conditions": [
								{
									"condition": "minecraft:entity_properties",
									"entity": "this",
									"predicate": {
										"components": {
											"minecraft:chicken/variant": "minecraft:warm"
										}
									}
								}
							],
							"name": "minecraft:brown_egg"
						},
						{
							"type": "minecraft:item",
							"conditions": [
								{
									"condition": "minecraft:entity_properties",
									"entity": "this",
									"predicate": {
										"components": {
											"minecraft:chicken/variant": "minecraft:cold"
										}
									}
								}
							],
							"name": "minecraft:blue_egg"
						},
						{
							"type": "minecraft:item",
							"name": "minecraft:egg",
							"functions": [
								{
									"function": "minecraft:set_components",
									"components": {
										"minecraft:item_model": "minecraft:egg/amber_egg",
										"minecraft:item_name": "Amber Egg"
									}
								}
							],
							"conditions": [
								{
									"condition": "minecraft:entity_properties",
									"entity": "this",
									"predicate": {
										"nbt": "{variant:\"pasture_pals:amber_chicken\"}"
									}
								}
							]
						},
                        {
							"type": "minecraft:item",
							"name": "minecraft:egg",
							"functions": [
								{
									"function": "minecraft:set_components",
									"components": {
										"minecraft:item_model": "minecraft:egg/bronzed_egg",
										"minecraft:item_name": "Bronzed Egg"
									}
								}
							],
							"conditions": [
								{
									"condition": "minecraft:entity_properties",
									"entity": "this",
									"predicate": {
										"nbt": "{variant:\"pasture_pals:bronzed_chicken\"}"
									}
								}
							]
						},
                        {
							"type": "minecraft:item",
							"name": "minecraft:egg",
							"functions": [
								{
									"function": "minecraft:set_components",
									"components": {
										"minecraft:item_model": "minecraft:egg/cluckshroom_egg",
										"minecraft:item_name": "Cluckshroom Egg"
									}
								}
							],
							"conditions": [
								{
									"condition": "minecraft:entity_properties",
									"entity": "this",
									"predicate": {
										"nbt": "{variant:\"pasture_pals:cluckshroom\"}"
									}
								}
							]
						},
                        {
							"type": "minecraft:item",
							"name": "minecraft:egg",
							"functions": [
								{
									"function": "minecraft:set_components",
									"components": {
										"minecraft:item_model": "minecraft:egg/fancy_egg",
										"minecraft:item_name": "Fancy Egg"
									}
								}
							],
							"conditions": [
								{
									"condition": "minecraft:entity_properties",
									"entity": "this",
									"predicate": {
										"nbt": "{variant:\"pasture_pals:fancy_chicken\"}"
									}
								}
							]
						},
                        {
							"type": "minecraft:item",
							"name": "minecraft:egg",
							"functions": [
								{
									"function": "minecraft:set_components",
									"components": {
										"minecraft:item_model": "minecraft:egg/gold_crested_egg",
										"minecraft:item_name": "Gold-Crested Egg"
									}
								}
							],
							"conditions": [
								{
									"condition": "minecraft:entity_properties",
									"entity": "this",
									"predicate": {
										"nbt": "{variant:\"pasture_pals:gold_crested_chicken\"}"
									}
								}
							]
						}
					]
				}
			],
			"rolls": 1
		}
	],
	"random_sequence": "minecraft:gameplay/chicken_lay"
}